Idade,Menopausa,Tamanho do Tumor,Número de nódulos com metástase,Nódulo realmente teve metástase,Grau de malignidade,Mama,Quadrante,Tratamento,Classe

40-49,premeno,15-19,0-2,yes,'3',right,left_up,no,recurrence-events
50-59,ge40,15-19,0-2,no,'1',right,central,no,no-recurrence-events
50-59,ge40,35-39,0-2,no,'2',left,left_low,no,recurrence-events
40-49,premeno,35-39,0-2,yes,'3',right,left_low,yes,no-recurrence-events
40-49,premeno,30-34,3-5,yes,'2',left,right_up,no,recurrence-events
50-59,premeno,25-29,3-5,no,'2',right,left_up,yes,no-recurrence-events
50-59,ge40,40-44,0-2,no,'3',left,left_up,no,no-recurrence-events
40-49,premeno,10-14,0-2,no,'2',left,left_up,no,no-recurrence-events
40-49,premeno,0-4,0-2,no,'2',right,right_low,no,no-recurrence-events
40-49,ge40,40-44,15-17,yes,'2',right,left_up,yes,no-recurrence-events
50-59,premeno,25-29,0-2,no,'2',left,left_low,no,no-recurrence-events
60-69,ge40,15-19,0-2,no,'2',right,left_up,no,no-recurrence-events
50-59,ge40,30-34,0-2,no,'1',right,central,no,no-recurrence-events
50-59,ge40,25-29,0-2,no,'2',right,left_up,no,no-recurrence-events